url,name,price
url,name,price
https://www.walmart.com/ip/Fenchilin-23-x18-Vanity-Mirror-with-Lights-Bluetooth-Tabletop-Wall-Mount-Metal-White/841413094?athAsset=eyJhdGhjcGlkIjoiODQxNDEzMDk0IiwiYXRoc3RpZCI6IkNTMDIwIiwiYXRoYW5jaWQiOiJJdGVtQ2Fyb3VzZWwiLCJhdGhyayI6MC4wfQ==&athena=true&athbdg=L1800,Fenchilin 23''x18'' Vanity Mirror with Lights Bluetooth Tabletop Wall Mount Metal White,"Now$5999current price Now $59.99, Was $129.99$129.99"
https://www.walmart.com/ip/Mellow-14-Metal-Platform-Bed-Frame-Heavy-Duty-Steel-Slats-Black-Queen/387776881?athAsset=eyJhdGhjcGlkIjoiMzg3Nzc2ODgxIiwiYXRoc3RpZCI6IkNTMDIwIiwiYXRoYW5jaWQiOiJJdGVtQ2Fyb3VzZWwiLCJhdGhyayI6MC4wfQ==&athena=true&athbdg=L1800,Options,"Now$5499current price Now $54.99, Was $95.00$95.00More options from $35.99"
https://www.walmart.com/ip/Bestski-8-Kids-Tablet-Android-12-2GB-RAM-32GB-ROM-Quad-Core-Processor-1280x800-IPS-HD-Eye-Care-Touchscreen-Kids-PC-with-Silicone-Case-Blue/12468217452?athAsset=eyJhdGhjcGlkIjoiMTI0NjgyMTc0NTIiLCJhdGhzdGlkIjoiQ1MwMjAiLCJhdGhhbmNpZCI6Ikl0ZW1DYXJvdXNlbCIsImF0aHJrIjowLjB9&athena=true&athbdg=L1800,Options,"Now$3979current price Now $39.79, Was $69.99$69.99Options from $39.79 – $39.89"
https://www.walmart.com/ip/Est-e-Lauder-Modern-Muse-Eau-De-Parfum-Spray-for-Women-1-7-oz/42507626?athAsset=eyJhdGhjcGlkIjoiNDI1MDc2MjYiLCJhdGhzdGlkIjoiQ1MwMjAiLCJhdGhhbmNpZCI6Ikl0ZW1DYXJvdXNlbCIsImF0aHJrIjowLjB9&athena=true,EstÃ©e Lauder Modern Muse Eau De Parfum Spray for Women 1.7 oz,"Now$5299current price Now $52.99, Was $84.00$84.00$31.17/ea"
https://www.walmart.com/ip/Queen-Size-Bed-Sheets-Set-Luxury-1800-Series-Microfiber-Bedding-Sheets-Super-Soft-Sheets-Set-4-Pieces-Cooling-Breathable-Up-to16-Deep-Pocket/9120552978?athAsset=eyJhdGhjcGlkIjoiOTEyMDU1Mjk3OCIsImF0aHN0aWQiOiJDUzAyMCIsImF0aGFuY2lkIjoiSXRlbUNhcm91c2VsIiwiYXRocmsiOjAuMH0=&athena=true&athbdg=L1800,Options,"$1799current price $17.99, Was $23.59$23.59More options from $17.47"
https://www.walmart.com/ip/Royal-Craft-Wood-Bamboo-Cutting-Board-for-Kitchen-Cutting-Board-Set-for-Meat-Fruit-Veggies-Appetizers-Serving-Boards-Set-of-3-Natural/695096359?athAsset=eyJhdGhjcGlkIjoiNjk1MDk2MzU5IiwiYXRoc3RpZCI6IkNTMDIwIiwiYXRoYW5jaWQiOiJJdGVtQ2Fyb3VzZWwiLCJhdGhyayI6MC4wfQ==&athena=true,Options,"Now$2197current price Now $21.97, Was $28.52$28.52Options from $21.97 – $42.97"
https://www.walmart.com/ip/Fenchilin-23-x18-Vanity-Mirror-with-Lights-Bluetooth-Tabletop-Wall-Mount-Metal-White/841413094?athAsset=eyJhdGhjcGlkIjoiODQxNDEzMDk0IiwiYXRoc3RpZCI6IkNTMDIwIiwiYXRoYW5jaWQiOiJJdGVtQ2Fyb3VzZWwiLCJhdGhyayI6MC4wfQ==&athena=true&athbdg=L1800,Fenchilin 23''x18'' Vanity Mirror with Lights Bluetooth Tabletop Wall Mount Metal White,"Now$5999current price Now $59.99, Was $129.99$129.99"
https://www.walmart.com/ip/Mellow-14-Metal-Platform-Bed-Frame-Heavy-Duty-Steel-Slats-Black-Queen/387776881?athAsset=eyJhdGhjcGlkIjoiMzg3Nzc2ODgxIiwiYXRoc3RpZCI6IkNTMDIwIiwiYXRoYW5jaWQiOiJJdGVtQ2Fyb3VzZWwiLCJhdGhyayI6MC4wfQ==&athena=true&athbdg=L1800,Options,"Now$5499current price Now $54.99, Was $95.00$95.00More options from $35.99"
https://www.walmart.com/ip/Bestski-8-Kids-Tablet-Android-12-2GB-RAM-32GB-ROM-Quad-Core-Processor-1280x800-IPS-HD-Eye-Care-Touchscreen-Kids-PC-with-Silicone-Case-Blue/12468217452?athAsset=eyJhdGhjcGlkIjoiMTI0NjgyMTc0NTIiLCJhdGhzdGlkIjoiQ1MwMjAiLCJhdGhhbmNpZCI6Ikl0ZW1DYXJvdXNlbCIsImF0aHJrIjowLjB9&athena=true&athbdg=L1800,Options,"Now$3979current price Now $39.79, Was $69.99$69.99Options from $39.79 – $39.89"
https://www.walmart.com/ip/Est-e-Lauder-Modern-Muse-Eau-De-Parfum-Spray-for-Women-1-7-oz/42507626?athAsset=eyJhdGhjcGlkIjoiNDI1MDc2MjYiLCJhdGhzdGlkIjoiQ1MwMjAiLCJhdGhhbmNpZCI6Ikl0ZW1DYXJvdXNlbCIsImF0aHJrIjowLjB9&athena=true,EstÃ©e Lauder Modern Muse Eau De Parfum Spray for Women 1.7 oz,"Now$5299current price Now $52.99, Was $84.00$84.00$31.17/ea"
https://www.walmart.com/ip/Queen-Size-Bed-Sheets-Set-Luxury-1800-Series-Microfiber-Bedding-Sheets-Super-Soft-Sheets-Set-4-Pieces-Cooling-Breathable-Up-to16-Deep-Pocket/9120552978?athAsset=eyJhdGhjcGlkIjoiOTEyMDU1Mjk3OCIsImF0aHN0aWQiOiJDUzAyMCIsImF0aGFuY2lkIjoiSXRlbUNhcm91c2VsIiwiYXRocmsiOjAuMH0=&athena=true&athbdg=L1800,Options,"$1799current price $17.99, Was $23.59$23.59More options from $17.47"
https://www.walmart.com/ip/Royal-Craft-Wood-Bamboo-Cutting-Board-for-Kitchen-Cutting-Board-Set-for-Meat-Fruit-Veggies-Appetizers-Serving-Boards-Set-of-3-Natural/695096359?athAsset=eyJhdGhjcGlkIjoiNjk1MDk2MzU5IiwiYXRoc3RpZCI6IkNTMDIwIiwiYXRoYW5jaWQiOiJJdGVtQ2Fyb3VzZWwiLCJhdGhyayI6MC4wfQ==&athena=true,Options,"Now$2197current price Now $21.97, Was $28.52$28.52Options from $21.97 – $42.97"
